{
  "train_data_size": 20000,
  "test_data_size": 500,
  "seq_len": 9,
  "data_min": 20,
  "data_max": 100,
  "data_mode": ["19", "29", "49", "91", "92", "94", "13", "23", "43", "31", "32", "34", "12", "14", "21", "41", "24", "42"],
  "data_percent": [0.08333333333333333, 0.08333333333333333, 0.08333333333333333, 0.08333333333333333, 0.08333333333333333, 0.08333333333333333, 0.0, 0.0, 0.0, 0.0, 0.0, 0.0, 0.08333333333333333, 0.08333333333333333, 0.08333333333333333, 0.08333333333333333, 0.08333333333333333, 0.08333333333333333],
  "data_name": ["19", "29", "49", "91", "92", "94", "13", "23", "43", "31", "32", "34", "12", "14", "21", "41", "24", "42"],
  "data_mask": [0, 0, 1, 0, 0, 1, 0, 0, 0, 0, 0, 0, 0, 0, 0, 0, 0, 0],
  "data_show": [0, 0, 1, 0, 0, 1, 0, 0, 0, 0, 0, 0, 0, 0, 0, 0, 0, 0],
  "target": "near_synonym",
  "batch_size": 100,
  "vocab_size": 201,
  "max_pos": 20,
  "d_model": 400,
  "d_feedforward": 1200,
  "d_k": 64,
  "d_v": 64,
  "n_layers": 4,
  "n_heads": 4,
  "clip": 1,
  "n_epoch": 4000,
  "lr": 2e-05,
  "lr_decay_step": 1000,
  "lr_decay_rate": 1,
  "seed": 1,
  "scheduler": "GradualWarmupScheduler_CosineAnnealingLR",
  "model": "GPT",
  "optim": "AdamW",
  "save_model_epoch": 100,
  "print_loss_epoch": 10,
  "print_acc_epoch": 100,
  "plot_loss_acc_epoch": 500,
  "prefix": " ",
  "suffix": "increase_prompt9_data",
  "dir_suffix": "近义词学习_验证加入近义词与单纯扩张数据量的效果对比",
  "exp_index": 0,
  "working_dir": "./result/GPT_近义词学习_验证加入近义词与单纯扩张数据量的效果对比/near_synonym-seed_1-N_20000-increase_prompt9_data/"
}
